airline_code,airline_name,website,airline_name_zh
A0,Macair Jet,http://www.lavion.com,阿根廷哥倫比亞航空
A2,Astra Airlines,http://www.cielos-airlines.com,阿斯特拉航空
A3,Aegean Airlines,http://www.aegeanair.com,愛琴海航空
A4,Azimuth,https://azimuth.ru,方位角航空
A5,HOP!,https://www.hop.fr,法國霍普航空
A6,Yunnan Hongtu Airline,https://www.a6air.com/,湖南航空
A7,Aéreo Calafia,https://www.calafiaairlines.com,彗星航空
A8,Aerolink Uganda,http://www.ameriflight.com/,艾羅連克烏幹達
A9,Georgian Airways,https://www.georgian-airways.com/,喬治亞航空
AA,American Airlines,https://www.aa.com,美國航空
AB,Bonza,https://www.airberlin.com,柏林航空
AC,Air Canada,http://www.flytango.com,加拿大航空
AD,Azul Brazilian Airlines,http://www.voeazul.com.br/,藍色巴西航空
AE,Mandarin Airlines,https://www.mandarin-airlines.com/,華信航空
AF,Air France,https://www.airfrance.com/,法荷航貨運
AG,Aruba Airlines,https://www.arubaairlines.com/,阿格尼航空
AH,Air Algerie,https://airalgerie.dz/,阿爾及利亞航空
AI,Air India,http://home.airindia.in,印度航空
AJ,Aztec Worldwide Airlines,http://www.flyaero.com/,阿茲特克全球航空
AK,AirAsia,http://www.airasia.com/,亞洲航空
AL,Air Leisure,http://www.air-leisure.com,悠閒風行航空
AM,AeroMexico,https://aeromexico.com/es-mx/,墨西哥旅遊航空
AN,HOP Airlinair,https://www.andorraairlines.com/,澳洲安捷航空
AP,AlbaStar,http://www.albastar.es,阿爾巴之星航空
AQ,9 Air,http://9air.com,九元航空
AR,Aerolíneas Argentinas,http://www.airregional.webs.com/,阿根廷航空
AS,Alaska Airlines,https://www.alaskaair.com,阿拉斯加航空
AT,Royal Air Maroc,http://www.adastral.com.au,摩洛哥皇家航空貨運
AU,Austral Líneas Aéreas,http://www.austral.com.ar,阿根廷南方航空
AV,Avianca,https://www.avianca.com,哥倫比亞航空
AW,Africa World Airlines,http://www.flyAfricaWorld.com/,非洲世界航空
AX,Trans States Airlines,http://www.transstates.net/,特蘭斯州航空
AY,Finnair,https://www.finnair.com/,芬蘭航空
AZ,Alitalia,https://www.ita-airways.com/,義大利航空貨運
B0,La Compagnie,https://www.lacompagnie.com,La Compagnie
B1,Cions Software,http://www.airbucharest.ro/,布加勒斯特航空
B2,Belavia,https://belavia.by,白俄羅斯航空
B3,Bhutan Airlines,http://www.flybellviewair.com/,貝爾韋尤航空
B4,Zanair,http://www.bhojaair.com.pk/home/,博雅航空
B5,Fly-SAX,https://bbnairlines.aero/,弗萊-薩克斯
B6,JetBlue,https://www.jetblue.com/,捷藍航空
B7,Uni Airways,http://www.voebra.com.br/,立榮航空
B8,Eritrean Airlines,http://www.eritrean.aero/,厄利垂亞航空
B9,Iran Air Tours,http://www.caribair.com.do/ingles/index.html,伊朗艾爾圖爾斯
BA,British Airways,https://www.britishairways.com,英國海外航空
BB,Seaborne Airlines,http://www.seaborneairlines.com/,西博恩航空
BC,Skymark Airlines,http://www.skymark.co.jp,天馬航空
BD,Cambodia Bayon Airlines,http://www.bayonairlines.com,柬埔寨巴戎航空
BE,Flybe,http://www.flybe.com,弗萊比航空
BF,French Bee,https://www.frenchbee.com/,法國蜜蜂航空
BG,Biman Bangladesh Airline,http://www.biman-airlines.com,孟加拉航空
BH,Hawkair,http://www.hawkair.ca,霍克艾爾
BI,Royal Brunei,https://www.flyroyalbrunei.com/,汶萊皇家航空
BJ,Nouvelair,https://www.nouvelair.com/,尼韋爾航空
BK,Okay Airways,http://www.okair.net/,奧凱航空
BL,Jetstar Pacific Airlines,https://www.pacificairlines.com/,太平洋航空 (越南)
BM,bmi regional,https://medsky.aero/,英倫航空 (2018年)
BN,Luxwing Ltd,https://www.luxwing.com/,布蘭尼夫國際航空 (1928年)
BO,BB Airways,http://www.bouraq.com,比比航空
BP,Air Botswana,https://www.airbotswana.co.bw/,波札那航空
BR,EVA Air,https://www.evaair.com/,英亞航空
BS,US-Bangla Airlines,https://www.usbair.com/,孟加拉優速航空
BT,airBaltic,http://www.airbaltic.com/,波羅的海航空
BU,Compagnie Africaine d'Aviation,http://www.sasbraathens.no/,布羅滕航空
BV,Blue Panorama Airlines,https://tokiair.com/,藍景航空
BW,Caribbean Airlines,http://www.caribbean-airlines.com,加勒比航空
BX,Air Busan,http://en.coastair.no/,海岸航空中心
BY,Thomson Airways,https://www.tui.co.uk,英國途易航空
BZ,Bluebird Airways,https://www.bluebirdair.com/,藍鏢航空
C2,Ceiba Intercontinental,http://www.airt.net/,木棉洲際航空
C3,Trade Air,http://www.trade-air.com/,康塔克特航空
C4,Alma De Mexico,http://www.alma.com.mx/,阿爾瑪德墨西哥
C5,CommutAir,https://www.commuteair.com,康莫特艾爾
C6,Canjet Airlines,https://www.centrum-air.com/en,坎傑特艾瑞恩斯
C7,Cinnamon Air,https://www.cinnamonair.com,智利大陸航空
C8,Cronos Airlines,https://www.cargolux-italia.com/,克羅諾斯艾倫斯
C9,Skywise,https://www.skywise.co.za,斯凱威斯
CA,Air China,http://www.airchinaim.com/,中國國際航空內蒙古公司
CB,Trans Caribbean Air ExportImport,http://www.sucklingairways.co.uk,特蘭斯 卡里比安 艾爾 埃克斯波特 伊姆波特
CC,CM Airlines,https://airatlanta.com,亞特蘭大冰島航空
CD,Corendon Dutch Airlines,http://www.cohc.citic/operation.aspx?tid=331,中信海直
CE,Chalair Aviation,https://www.chalair.fr/,查萊爾艾維艾森
CF,China Postal Airlines,http://cityairline.com,中國郵政航空
CG,PNG Air,http://www.apng.com/,巴布亞紐幾內亞航空
CH,Bemidji Airlines,https://www.bemidjiaviation.com/,貝米吉航空
CI,China Airlines,https://www.china-airlines.com,中華航空
CJ,BA CityFlyer,http://www.cna.com.cn,英航城市飛行者
CK,China Cargo Airlines,https://www.ckair.com/,中國貨運航空
CL,Lufthansa CityLine,http://www.lot.com/us/en/lot-charters-about-us,漢莎城際航空
CM,Copa Airlines,https://www.copaair.com,巴拿馬航空
CN,Grand China Air,https://www.grandchinaair.com,大新華航空
CO,Cobalt Air,http://www.nwairlines.com.cn/,深藍航空
CP,Compass Airlines,https://www.fly7.ch/,加拿大太平洋航空
CQ,Coastal Travels,http://www.sunshineexpress.com.au/,科斯塔爾特拉弗斯
CR,OAG Worldwide,http://www.ubmaviation.com,歐艾吉威爾德
CS,Comlux Aruba,http://www.chair.ch/,卓爾航空
CT,Alitalia CityLiner,http://www.airsofia.com,義大利城市快線航空
CU,Cubana De Aviacion,http://www.cubana.cu/,古巴航空
CV,Cargolux,https://www.cargolux.com/Home,查塔姆航空
CX,Cathay Pacific,https://www.cathaypacific.com,國泰航空
CY,Charlie Airlines,https://www.cyprusairways.com/,塞普勒斯航空 (2016年)
CZ,China Southern Airlines,http://www.csair.com/,中國南方航空
D0,DHL Air UK,http://www.dhl.com/en.html,迪艾赫 艾爾 優凱
D2,Severstal Air Company,http://www.severstal-avia.ru/,北方鋼鐵航空
D3,Daallo Airlines,http://www.daallo.biz/,達洛航空
D4,DART Ltd,http://aerodart.com.ua/,達特有限公司
D6,Interair,http://www.interair.co.za/,南非國際航空
D7,AirAsia X,http://www.airasiax.com,亞洲航空長途
D8,Norwegian Air International,https://www.norwegian.com/se/,挪威國際航空
D9,Donavia,http://www.aeroflot-don.ru,多納維亞
DA,Air Georgia,http://www.vuelesol.com,德安航空
DB,HOP Brit Air,http://www.britair.com,不列特航空
DC,Braathens Regional Airways,http://www.sundsvallsflyg.se/,金色航空
DD,Nok Air,http://www.nokair.com/,皇雀航空
DE,Condor,https://www.condor.com,神鷹航空
DF,Condor Berlin,http://www.center-south.ru/,康多爾柏林
DG,Cebgo,http://www.flyseair.com,宿翱航空
DH,Douniah Airlines,https://www.norwegian.com,挪威挪威航空
DI,Norwegian Air UK,https://flymarabu.com/,英國挪威航空
DJ,AirAsia Japan,http://air-djibouti.com/,日本亞洲航空
DK,Thomas Cook Airlines,https://no.sunclassairlines.dk/,斯堪航空
DL,Delta Air Lines,http://www.flydlx.com/,達美快線航空
DM,Arajet,https://www.arajet.com/,阿拉捷
DN,Norwegian Air Argentina,https://danair.ro/,阿根廷挪威航空
DO,Discovery Airways,https://skyhighdo.com,迪斯科維航空
DP,Pobeda,http://www.pobeda.aero/,勝利航空
DR,Ruili Airlines,http://www.rlair.net,蘇南瑞麗航空
DS,easyJet Switzerland,http://www.easyjet.com,瑞士易捷航空
DT,Taag,http://www.taag.com/,TAAG安哥拉航空
DU,Norwegian Long Haul,http://airliaison.ca/,挪威長途航空
DV,SCAT Airlines,https://sundayairlines.kz/,斯卡特航空
DW,Great Dane Airlines,https://greatdaneairlines.dk/,大丹航空
DX,Danish Air Transport,http://www.dat.dk,DAT航空
DY,Norwegian Air Shuttle (NAS),https://www.norwegian.no/,葉門航空 (1971年)
DZ,Donghai Airlines,http://www.starline.kz/,東海航空
E2,Eurowings Europe,https://www.eurowings.com/at.html,歐羅旺斯歐洲
E3,New Gen Airways,http://www.newgenairways.com/,新時代航空
E4,Enter Air,https://www.enterair.pl/en,安特航空
E5,Air Arabia Egypt,http://www.samara-airlines.ru,埃及阿拉伯航空
E6,Bringer Air Cargo,https://www.eurowings.com/,歐羅巴歐洲之翼航空
E7,Equaflight Service,http://www.equaflight.com/,艾誇飛特 賽維斯
E8,City Airways,https://www.tayaranjet.com/,都市航空
E9,Evelop Airlines,https://www.iberojet.com/,伊比利亞捷航空
EB,Wamos Air,http://www.emeryworld.com/eww/emeryweb/,瓦莫斯艾爾
EC,easyJet Europe,https://www.easyjet.com,歐洲易捷航空
ED,Air Explore,http://www.palaupacificairways.com,帛琉太平洋航空
EE,Nordica,https://xfly.ee/,諾迪卡航空
EF,Fly CamInter,https://www.eznis.com/,伊斯尼斯航空
EG,East Air,https://flyernest.com,東方航空 (塔吉克)
EH,ANA Wings,http://www.saeta.com.ec/,全日空之翼航空
EI,Aer Lingus,http://www.aerlingus.com,愛爾蘭航空
EJ,New England Airlines,http://blockislandsairline.com/,紐英格蘭航空
EK,Emirates,https://www.skycargo.com/,阿聯酋貨運航空
EL,Ellinair,http://www.ellinair.com,日空航空
EM,Aero Benin,http://www.empireairlines.com,帝國航空 (1977年)
EN,Air Dolomiti,https://www.airdolomiti.it/,多洛米蒂航空
EO,Air Go Egypt,http://www.flyexpressone.com/,艾爾高埃及
EP,Iran Aseman Airlines,https://www.iaa.ir/,伊朗阿塞曼航空
EQ,TAME,https://www.tame.com.ec,厄瓜多航空
ER,SereneAir,https://www.sereneair.com/,塞瑞恩艾爾
ES,DHL International Aviation ME,https://www.estafeta.com/,迪爾艾爾 英特納什納爾 艾維耶申 米
ET,Ethiopian Airlines,https://www.ethiopianairlines.com,衣索比亞航空
EU,Chengdu Airlines,https://www.cdal.com.cn/,成都航空
EV,ExpressJet Airlines,http://www.flyasa.com,
EW,Eurowings,https://www.eurowings.com/,東西航空 (澳洲)
EX,Avianca Express,https://www.avianca.com,阿維安卡 艾普瑞斯
EY,Etihad Airways,https://www.etihad.com/,阿提哈德航空
EZ,Sun Air of Scandinavia,http://www.evergreenairlines.com/,長青國際航空
F2,Safarilink Aviation,https://www.flysafarilink.com/,區域貨運航空
F3,Flyadeal,http://www.fai.ag/,阿迪爾航空
F4,Air Flamenco,http://airflamenco.net,上海國際貨運航空
F6,Fly2sky,https://www.fly2sky.aero/,中國航空 (1929年)
F7,Etihad Regional,http://www.etihadregional.com/en/index.html,巴布航空
F8,Flair Airlines,https://flyflair.com/,天賦航空
F9,Frontier Airlines,https://www.flyfrontier.com/,邊疆航空
FA,Safair,https://www.flysafair.co.za/,薩法航空
FB,Bulgaria Air,https://www.air.bg/,保加利亞航空
FC,Fly Corporate,https://www.linkairways.com/,芬蘭通勤航空
FD,Thai AirAsia,http://www.airasia.com,泰國亞洲航空
FE,Far Eastern Air Transport,http://www.748airservices.com/,遠東航空
FG,Ariana Afghan Airlines,http://www.flyariana.com,阿里亞納阿富汗航空
FH,Freebird Airlines,https://www.freebirdairlines.com/tr,自由鳥航空
FI,Icelandair,http://www.icelandair.com,冰島航空
FJ,Fiji Airways,https://www.fijiairways.com/,斐濟連線航空
FK,Kelowna Flightcraft Air Charter,http://www.kivalliqair.com,凱洛納 飛克拉夫特 艾爾 查特
FL,Airtran Airways,https://flylili.com/,穿越航空
FM,Shanghai Airlines,http://www.shanghai-air.com,上海航空
FN,Royal Air Maroc Express,http://www.fastjet.com,摩洛哥皇家快運航空
FO,Felix Airways,https://flybondi.com/ar,費利克斯航空
FP,Pelican Airlines,http://www.freedomairguam.com/,
FQ,SOL SA LINEAS AEREAS (DBA Flyest Lineas Aereas),http://www.brindabellaairlines.com.au,索爾薩萊內亞斯埃雷亞斯（德比艾弗萊斯特萊內亞斯埃雷亞斯）
FR,Ryanair,https://www.ryanair.com/,瑞安航空
FS,Flyr,https://www.flyr.no/en,飛獅航空
FT,FlyEgypt,https://frost.aero/,暹粒國際航空
FU,Fuzhou Airlines,http://www.fuzhou-air.cn/,福州航空
FV,Rossiya,http://eng.pulkovo.ru/,羅西亞航空
FW,Ibex Airlines,https://www.ibexair.co.jp/,伊別克斯航空
FX,Fedex,https://www.fedex.com/,聯邦快遞航空
FY,Flyfirefly,http://www.fireflyz.com.my,飛螢航空
FZ,flydubai,https://www.flydubai.com/,杜拜航空
G0,Alianza Glancelot,http://www.albatrosair.aero,阿利安薩格蘭塞洛特
G3,Gol Transportes Aéreos,http://www.voegol.com.br,高爾航空
G4,Allegiant Air,https://www.allegiantair.com/,貴州航空
G5,China Express Airlines,https://www.gestair.com/es,華夏航空
G6,Denim Air,https://globalxair.com/,吳哥航空
G7,GoJet Airlines,http://www.gojetairlines.com/,高捷航空
G8,Go First,https://www.flygofirst.com/,捷行航空
G9,Air Arabia,https://www.airarabia.com/,阿拉伯航空
GA,Garuda Indonesia,https://www.garuda-indonesia.com/,嘉魯達印尼航空
GB,ABX Air,https://www.abxair.com/,艾比艾克航空
GC,Global Feeder Services,http://www.gia.gm/,格洛波爾 費德爾 服務
GD,Aviair,http://www.taesa.com.mx,銀河國際貨運航空
GE,TransAsia Airways,http://www.tna.com.tw,復興航空
GF,Gulf Air,https://www.gulfair.com,海灣航空
GG,Sky Lease Cargo,http://www.skyleasecargo.com/,斯凱利斯卡戈
GH,Globus,https://georgian-airlines.com/,全球巴士航空
GI,Itek Air,http://www.mirinet.com/AirGuinee/,中原龍浩航空
GJ,Zhejiang Loong Airlines,http://www.loongair.cn,長龍航空
GK,Jetstar Japan,http://www.jetstar.com/jp/ja/home,捷星日本航空
GL,Air Greenland,http://airgreenland.com,格陵蘭航空
GM,Chair Airlines,http://www.holidayjet.ch/de/,假日噴射航空
GO,Go,http://www.airghana.com,高
GP,APG Airlines,http://www.apg-airlines.com,中國通用航空
GQ,Sky Express,http://www.bigskyair.com/,斯凱快運
GR,Aurigny Air Services,http://www.aurigny.com,奧里尼艾爾塞弗斯
GS,Tianjin Airlines,https://www.tianjin-air.com,天津航空
GT,Air Guilin,http://www.airguilin.com/,桂林航空
GU,Aviateca,http://www.avianca.com/es-gt,艾維亞特卡
GV,Grant Aviation,http://www.skygabon.com/,加彭天空航空
GW,SkyGreece Airlines,https://costaricagreenair.com/,斯凱格瑞斯航空
GX,Guangxi Beibu Gulf Airlines,http://www.gxairlines.com,安大略航空
GY,Colorful Guizhou Airlines,http://www.dcair.net/,加彭航空
GZ,Air Rarotonga,http://www.airraro.com/,拉羅湯加航空
H2,Sky Airline,http://www.citybird.com,天空航空 (智利)
H3,Harbour Air,https://www.hellojets.com/,赫耳墨斯航空
H6,Bulgarian Air Charter,http://www.hageland.com,布林加利亞航空包機
H7,Eagle Air,https://www.hisky.md/,伊格爾航空
H9,Himalaya Airlines,http://www.himalaya-airlines.com/,喜馬拉雅航空
HA,Hawaiian Airlines,https://www.hawaiianairlines.com/,夏威夷航空
HB,Asia Atlantic Airlines,http://www.asiaatlanticairlines.com/,AirThailand
HC,Air Senegal,https://flyairsenegal.com/en/home/,冰島快運航空
HD,Air Do,https://www.airdo.jp/en/,AIRDO
HE,LGW Luftfahrtges Walter,https://www.baraviationug.com/,One Air航空
HF,Air Cote D Ivoire,http://www.hapagfly.com/,象牙海岸航空
HH,Taban Airlines,https://www.qanotsharq.com/,塔班航空
HJ,Hellas Jet,http://www.tasmancargo.com/,赫拉斯捷特
HK,Skippers Aviation,http://www.hogakustenflyg.se,斯基珀斯航空
HM,Air Seychelles,http://www.airseychelles.com,塞席爾航空
HN,Afghan Jet International,https://heston.aero,阿富汗捷特國際航空
HO,Juneyao Airlines,https://www.juneyaoair.com/,吉祥航空
HP,Amapola Flyg,https://www.amapola.nu/,阿馬波拉弗萊格
HQ,Thomas Cook Airlines Belgium,http://www.harmonyairways.com/,國龍航空
HR,Hahn Air,http://www.hahnair.com/,漢艾爾
HS,Heli Sécurité,http://www.direktflyg.com/?menuId=569,海利塞瑞提
HU,Hainan Airlines,https://www.hainanairlines.com/,海南航空
HV,Transavia Airlines,http://www.transavia.com,泛航航空
HW,North Wright Air,https://north-wrightairways.com/,冰島快運航空
HX,Hong Kong Airlines,http://www.hongkongairlines.com,香港航空
HY,Uzbekistan Airways,http://www.uzairways.com,烏茲別克航空
HZ,Aurora Airlines,http://www.flyaurora.ru/en,阿芙羅拉航空
I2,Iberia Express,http://www.iberiaexpress.com,西班牙快運航空
I3,ATA Airlines,http://www.ataair.ir/,ATA航空 (伊朗)
I4,Scott Air,http://interislandairlines.com/,斯科特艾爾
I5,AirAsia India,http://www.airasia.com/in/en/home.page,印度亞洲航空
I6,Air Indus,http://www.mexicana.com/,艾爾印都斯
I7,Int'Air Îles,http://www.inter-iles-air.com/,安特艾爾伊勒
I8,Izhavia,http://www.indonesia-air.com/,伊扎維亞
IA,Iraqi Airways,http://www.iraqiairways.com.iq,伊拉克航空
IB,Iberia,https://www.iberia.com/,西班牙國家航空
IC,Nacil Indian Airline,https://fly91.in/,印度人航空
ID,Batik Air,http://www.flyinterlink.co.za//,互連航空
IE,Solomon Airlines,http://www.flysolomons.com/,所羅門航空
IF,FlyBaghdad,http://www.flybaghdad.net/,德意志民主共和國國際航空
IG,Air Italy,https://www.airitaly.com/,義大利航空 (2018年)
IH,Jsc Irtysh Air,http://www.ukinternationalairlines.com/,
II,IBC Airways,http://www.ibcairways.com/,艾比西航空
IJ,Spring Airlines Japan,https://meraj.aero/,大日本航空
IK,Air Kiribati,https://ikar.aero,吉里巴斯航空
IL,Trigana Air Service,http://www.trigana-air.com,特里迦納航空
IM,Mint Líneas Aéreas,http://www.menajet.com/,澳亞航空 (1990年)
IN,NAM Air,http://www.flynamair.com,楠航空
IO,IrAero,https://iraero.ru/,艾爾艾羅
IP,Iberworld Airlines,http://www.apsara-airline.com,伊伯沃爾德艾爾蘭斯
IQ,Qazaq Air,https://vietjetqazaqstan.kz/,奧格斯堡航空
IR,Iran Air,http://www.iranair.com,伊朗航空
IS,AIS Airlines,https://www.flysepehran.ir,AIS航空
IT,Tigerair Taiwan,https://www.tigerairtw.com/,臺灣虎航
IV,Air Djibouti,http://www.gp-aviation.net/,艾爾吉布提
IW,Wings Air,http://www.flyaom.com,飛翼航空
IX,Air India Express,http://www.airindiaexpress.in,印度快運航空
IY,Yemen Airways,http://yemenia.com/,葉門航空
IZ,Arkia,http://www.arkia.com/,阿基亞以色列航空
J0,Jetlink Express,http://www.jetlineexpress.co.uk/,
J1,OntJet,http://www.onejet.com/,昂特杰特
J2,Azerbaijan Airlines,http://www.butaairways.az/,亞塞拜然捷特航空
J3,Northwestern Air Lease,http://www.nwal.ca/,加拿大西北航空
J4,Badr Airlines,http://www.jiac.com.jo/,巴德航空
J6,Jet-Ops,http://www.jamaicaairshuttle.com/,朱恩航空
J7,Afrijet Business Service,http://www.aircroatia.eu,瓦盧傑航空
J8,Berjaya Air,https://berjaya-air.com,伯爾賈雅航空
J9,Jazeera Airways,http://www.jazeeraairways.com,半島航空
JA,Jetsmart,https://jetsmart.com/us/en/,波斯尼亞和黑塞哥維那航空
JB,Helijet International,https://helijet.com/,海利捷國際
JC,Japan Air Commuter,http://www.jal.co.jp/jex,日本航空快運
JD,Beijing Capital Airlines,http://www.jas.co.jp/,日本佳速航空
JE,Mango,http://www.flymango.com/,芒果航空
JF,Jet Asia Airways,http://www.labflying.com/,捷特亞洲航空
JG,Jetgo Australia,https://www.jdairlines.com/en/,杰特高澳斯特利亞
JH,Fuji Dream Airlines,http://www.voeflex.com.br,丑角航空
JI,Eastern Caribbean Airlines,https://armenianairlines.am/en,中途航空 (1993年)
JJ,LATAM Brasil,http://www.aviogenex.com/,巴西南美航空
JL,Japan Airlines,https://www.jal.co.jp/jp/en/,日本航空
JM,Jambojet,http://www.jambojet.com,捷星香港航空
JN,Alaska Air Transit,http://www.livingstonair.it,朱恩航空
JO,Jet Time,http://jasmin-airways.com/,日線航空
JQ,Jetstar,https://www.jetstar.com/us/en/,捷星航空
JR,Joy Air,http://www.joy-air.com/,幸福航空
JS,Air Koryo,http://www.airkoryo.com.kp/?__lang=zh_CN,高麗航空
JT,Lion Air,http://www.lionair.co.id/,獅子航空
JU,Air Serbia,http://www.aviolet.rs/,Aviolet
JV,Bearskin Airlines,https://www.bearskinairlines.com,比爾斯金艾爾蘭斯
JW,Vanilla Air,http://www.vanilla-air.com,香草航空
JX,DAC East Africa,https://www.starlux-airlines.com/,星宇航空
JY,InterCaribbean Airways,https://www.intercaribbean.com/,英特加勒比航空
K3,Taquan Air Services,http://www.taquanair.com,塔誇恩艾爾塞弗瑞斯
K4,ALS,http://als.co.ke,卡利塔航空
K5,SeaPort,http://www.silverstoneair.com,西波特
K6,Cambodia Angkor Air,http://khalifaairways-dz.com,柬埔寨國家航空
K7,Air KBZ,http://www.airkbz.com/,珊瑚藍航空
K8,Kan Air,http://www.flywaa.com,坎艾
K9,Kalitta Charters,http://www.kalittacharters.com/,通裡薩航空
KA,Cathay Dragon,http://www.dragonair.com,國泰港龍航空
KB,Druk Air,https://www.drukair.com.bt,不丹皇家航空
KC,Air Astana,http://www.airastana.com/,阿斯塔納航空
KD,Western Global Airlines,http://www.kalstaronline.com,卡爾星空航空
KE,Korean Air,https://www.koreanair.com/,大韓航空
KF,Air Belgium,http://airbelgium.com/,比利時航空 (2016年)
KG,Aerogaviota,https://www.keylimeair.com/,青檸航空
KH,Aloha Air Cargo,http://www.ska-arabia.com/,
KI,KrasAvia,http://www.skywayent.com,克拉斯諾亞爾斯克航空 (1956年)
KJ,Air Incheon,http://www.air-incheon.com/en/,仁川航空
KK,AtlasGlobal,https://www.leav.com/,環子午線貨運航空
KL,KLM,https://www.klm.com,荷蘭亞洲航空
KM,Air Malta,https://kmmaltairlines.com,KM馬爾他航空
KN,China United Airlines,http://www.maroomba.com.au/,中國聯合航空
KO,Komiaviatrans,http://www.komiaviatrans.ru/,科米艾維艾傳
KP,ASKY Airlines,https://www.kiwi.com,阿斯凱航空
KQ,Kenya Airways,http://www.kenya-airways.com/,肯亞航空
KR,Air Bishkek,https://www.cambodia-airways.com/,柬埔寨航空 (2017年)
KS,Penair,https://air-connect.com/,佩奈爾
KT,Fly Kiss,https://www.airasia.com/,伯根航空
KU,Kuwait Airways,http://www.kuwaitairways.com,科威特航空
KV,Sky Regional Airlines,http://www.asian-express-airline.com/,斯凱區域航空
KW,Kharkiv Airlines,http://www.kfaero.ca/cargo-operations/,斯坦航空
KX,Cayman Airways,http://www.caymanairways.com,開曼航空
KY,Kunming Airlines,http://airsaotomeprincipe.com,昆明航空
KZ,Nippon Cargo Airlines,http://www.nca.aero,艾夫航空
L3,Lynx Aviation,http://www.ltu.at/,林克斯航空
L4,Air Service Liege (ASL),https://landlineco.com,艾爾服務利埃日艾艾艾
L5,Atlantique Air Assistance,https://redair.com.do/,雷德航空
L6,Mauritanian Airlines Int,https://www.mauritaniaairlines.mr,茅利塔尼亞國際航空
L7,Lugansk Airlines,http://www.avia.lg.ua/,哥倫比亞南美貨運航空
L8,Afric Aviation,http://www.africaviation.com/,阿弗裡克航空
LA,LATAM Chile,http://www.latam.com,智利南美航空
LB,Air Costa,https://www.bulair.bg/,艾爾科斯塔
LC,ECAir,http://www.flyecair.com/index.php?id=4,伊西艾爾
LE,Norwegian Air Sweden AB,http://www.avia.lg.ua/,諾爾韋艾爾斯威登艾比
LF,Contour Airlines,https://www.contourairlines.com/,寮國中央航空
LG,Luxair,http://www.luxair.lu/,盧森堡航空
LH,Lufthansa Cargo,https://lufthansa-cargo.com,漢莎航空
LI,LIAT,https://www.etfairways.com/,利亞特
LJ,Jin Air,http://www.jinair.com/,真航空
LK,Lao Skyway,http://www.airluxor.com,勞斯凱韋
LL,Miami Air International,http://www.flylevel.com,水平航空
LM,Loganair,http://www.airalm.com,洛根航空
LN,Libyan Airlines,http://www.libyanairlines.aero,利比亞航空
LO,LOT Polish Airlines,https://www.lot.com,LOT波蘭航空
LP,LATAM Perú,http://www.airalpes.com,秘魯南美航空
LQ,Lanmei Airlines,http://www.lanmeiairlines.com/,幾內亞航空貨運
LR,Avianca Costa Rica,http://www.avianca.com/en-cr/,哥斯大黎加哥倫比亞航空
LS,Jet2.com,https://www.jet2.com/,Jet2航空
LT,Longjiang Airlines,https://www.longjianghk.com/,龍江航空
LU,LAN Express,http://italia.lufthansa.com,南美快運航空
LV,Level,http://www.megamaldivesair.com,美佳航空
LW,Pacific Wings,https://www.lauda-europe.com/,拉丁美洲之翼航空
LX,Swiss International Air Lines,http://www.swiss-private-aviation.com/,瑞士國際航空
LY,El Al,http://www.flymelilla.es/,向上航空
LZ,Swiss Global Air Lines,http://www.belleair.it,瑞士環球航空
M0,Aero Mongolia,http://www.aeromongolia.mn,蒙古航空
M2,MHS Aviation,https://flyrna.com/,MHS航空
M3,Air Norway,http://www.northflying.com,巴西南美貨運航空
M4,Mistral Air,http://www.nayzak.ly/,郵政航空貨運
M5,Kenmore Air,https://www.kenmoreair.com/,肯莫爾航空
M6,Amerijet International,https://www.amerijet.com/,美美瑞捷國際
M8,SKYJET Airlines,http://www.transnusa.co.id/eng/index.html,翎亞航空
M9,Motor Sich Jsc,http://flymotorsich.com,摩托西奇股份有限公司
MB,Mng Airlines Cargo,http://www.mngairlines.com,Mng Airlines Cargo
MC,Air Mobility Command,http://www.museair.com,Air Mobility Command
MD,Air Madagascar,http://www.mainlandair.com/,馬達加斯加航空
ME,Middle East Airlines,https://www.mea.com.lb/,中東航空
MF,XiamenAir,https://cargo.xiamenair.com/Cargo/index.htm,商舟航空物流
MG,Miami Air Lease,http://www.championair.com/,冠軍航空
MH,Malaysia Airlines,http://www.maskargo.com,馬來西亞航空貨運
MI,SilkAir,https://www.freebirdairlines.com/,勝安航空
MJ,Mihin Lanka,https://mywayairlines.com/,米欣蘭卡航空
MK,Air Mauritius,http://www.airmauritius.com,毛裡裘斯航空
ML,Sky Mali,http://195.167.49.231/olav/auxfiles/olavhomeUK.aspx?AspxAutoDetectCookieSupport=1,中途航空 (1976年)
MM,Peach Aviation,https://www.maltamedair.com/,樂桃航空
MN,Comair,http://www.comair.co.za,庫魯拉航空
MO,Calm Air International,https://www.calmair.com/,Calm Air International
MP,Martinair,http://www.martinair.com/,馬丁航空
MQ,Envoy Air,https://www.envoyair.com/,特使航空
MR,Hunnu Air,https://www.hunnuair.com/,匈奴航空
MS,EgyptAir,http://www.egyptair-cargo.com,埃及航空
MT,Thomas Cook Airlines,http://www.thomascookairlines.com,託馬斯·庫克航空
MU,China Eastern Airlines,http://global.ceair.com,一二三航空
MV,Air Mediterranean,http://www.air-mediterranean.com/,航星航空
MW,Mokulele Airlines,http://www.mokuleleairlines.com/,Mokulele Airlines
MX,Breeze Airways,https://www.flybreeze.com/,墨西哥航空 (1921年)
MY,MASwings,http://www.maswings.com.my,婆羅洲航空
MZ,Amakusa Airlines,http://saereo.misiva.com.ec/,天草航空
N0,Norse Atlantic Airways,https://flynorse.com/,北歐大西洋航空
N2,Dagestan Airlines,http://www.dagair.ru/,Dagestan Airlines
N3,Aerolineas Mas,http://www.aerolineasmas.com/,Aerolineas Mas
N4,Nord Wind,http://www.nordwindairlines.ru,北風航空
N5,Nolinor Aviation,http://www.Flyeasyindia.com,Nolinor Aviation
N6,Nomad Aviation,https://bay-air.com/,Nomad Aviation
N7,Nordic Regional Airlines,http://www.neptuneair.com,美國國家航空 (1998年)
N8,National Airlines,http://www.nationalairlines.com/,美國國家航空 (N8)
N9,Novair,https://www.shreeairlines.com,奧蘭航空
NC,Cobham Aviation Services Australia,http://www.cobham.com.au/,全國捷特快線航空
ND,FMI Air,http://www.fmiair.com,天翼航空
NE,Nesma Airlines,https://www.nesmaairlines.com/,東北航空 (美國)
NF,Air Vanuatu,http://www.airvanuatu.com,萬那杜航空
NG,NovAir,https://novair.am,勞達航空 (1985年)
NH,All Nippon Airways,https://www.equair.com/,全日本空輸
NI,Portugalia,http://www.portugalia-airlines.pt/,葡萄牙利亞航空
NJ,Niger Airways,http://www.nordicglobalcargo.com,Niger Airways
NK,Spirit Airlines,https://www.spirit.com/,精神航空
NL,Aero4M,https://flyamelia.com,沙欣航空
NM,Manx,http://www.airnz.co.nz/,Manx2航空
NN,Vim Airlines,http://www.vim-avia.com,維姆航空
NO,Neos,https://www.neosair.com/,勒奧斯航空
NP,Nile Air,https://nileair.com/,尼羅河航空
NQ,Air Japan,https://www.air-japan.co.jp/,全日空日本航空
NS,Hebei Airlines,http://www.hbhk.com.cn/,英國東北航空
NT,Binter Canarias,https://www.bintercanarias.com/,Binter Canarias
NU,Japan Transocean Air,https://jta-okinawa.com/,日本越洋航空
NV,Iranian Naft Airline,http://www.air-central.co.jp/,中部航空
NW,Northwest Airlines,http://www.nwa.com,西北航空
NX,Air Macau,http://www.airmacau.com.mo/,澳門航空
NY,Air Iceland,http://www.airiceland.is,冰島國內航空
NZ,Air New Zealand,http://www.eagleair.co.nz,飛鷹航空
O7,Orenburg Region Airlines,http://www.orenairport.ru/eng/ak-orenburzhe/,Orenburg Region Airlines
O9,Nova Airways,http://www.novaairways.com,Nova Airways
OA,Olympic Air,http://www.olympicairlines.com/,奧林匹克航空
OB,Boliviana de Aviación (BoA),https://www.boa.bo,玻利維亞航空
OC,Oriental Air Bridge,http://www.omni.pt/,PGA快運航空
OD,Malindo Airways,http://www.malindoair.com,馬來西亞峇迪航空
OE,Lauda,http://www.cairoaviation.com/,開羅航空 (1998年)
OF,Overland Airways,http://www.overlandairways.com/,芬蘭航空 (2003年成立)
OG,Air Freight NZ,https://flyplay.com/,One-Two-GO航空
OH,PSA Airlines,http://www.comair.com,PSA Airlines
OI,Hinterland Aviation,http://www.hinterlandaviation.com.au/,Hinterland Aviation
OJ,Fly Jamaica Airways,https://www.solaair.se/,牙買加飛天航空
OK,Czech Airlines,https://www.csa.cz/,捷克航空
OL,Polynesian Airlines,http://samoaairways.com/,薩摩亞航空
OM,Miat Mongolian Airlines,https://miat.com,蒙古民用航空
ON,Nauru Airlines,https://www.nauruair.com/,諾魯航空
OO,SkyWest Airlines,https://www.skywest.com/,天西航空
OP,Air Pegasus,http://flypassionair.com,卓克斯海洋航空
OQ,Chongqing Airlines,http://www.flycq.com/,重慶航空
OR,TUI Airlines Netherlands,http://www.flyorcaair.com/,克里米亞航空
OS,Austrian Airlines,https://www.austrian.com/,奧地利航空
OT,Tchadia Airlines,https://www.orange2fly.com/,查德國家航空
OU,Croatia Airlines,https://www.croatiaairlines.com/,克羅埃西亞航空
OV,SalamAir,https://salamair.com/,愛沙尼亞航空
OW,Skyward Express,https://skywardairlines.co.ke/,Skyward Express
OX,Orient Thai Airlines,http://www.flyorientthai.com/,泰國東方航空
OY,Andes Líneas Aéreas,https://www.oai.aero/,全能國際航空
OZ,Asiana Airlines,https://www.flyasiana.com,韓亞航空
P0,Proflight Commuter,http://www.flyzambia.com/,Proflight Commuter
P1,Publiccharters Com,http://texassky.com/,Publiccharters Com
P2,Airkenya Express,http://www.smallplanet.aero/,義大利小行星航空
P3,CargoLogicAir,http://www.cargologicair.com/,CargoLogicAir
P4,Aerolineas Sosa,http://www.flyairpeace.com/,和平航空
P5,Copa Airlines Colombia,http://www.wingo.com/,哥倫比亞巴拿馬航空
P6,Pascan Aviation,http://www.privilegestyle.com/,Pascan Aviation
P8,SprintAir,http://sprintair.eu,湄公航空
P9,Peruvian Airlines,http://www.peruvian.pe/pe/en/,秘魯人航空
PA,Airblue,http://www.pelair.com.au,泛美航空
PB,Provincial Airlines,https://www.palairlines.ca/fr/,巴西泛空航空
PC,Pegasus Airlines,https://www.flypgs.com/ru,飛馬航空
PD,Porter Airlines,https://www.flyporter.com/fr-ca/,波特航空
PE,Peoples Viennaline,http://www.pacificairexpress.com.au/,菲伯斯阿波羅航空
PF,Primera Air Scandinavia,https://www.airsial.com/,派美拉航空
PG,Bangkok Airways,http://www.bangkokair.com,曼谷航空
PH,Transavia Denmark,https://phoenixair.com/,丹麥泛航航空
PI,Polar Airlines,http://polarair.ru/,Polar Airlines
PJ,Air Saint Pierre,http://www.princelyjets.com/,聖皮埃爾航空
PK,Pakistan International Airlines (PIA),http://www.riau-airlines.com,巴基斯坦國際航空
PL,Southern Air Charter,http://www.southernaircharter.com,秘魯航空
PM,Canaryfly,http://www.canaryfly.es/,Canaryfly
PN,China West Air,http://www.chinawestair.com,西部航空
PO,Polar Air Cargo,https://www.polaraircargo.com/,博立貨運航空
PP,Jet Aviation Business,http://www.jetaviation.com/,Jet Aviation Business
PQ,AirAsia Philippines,http://www.skyup.aero/,AirAsia Philippines
PR,Philippine Airlines,https://parsair.ir/,菲律賓航空
PT,Piedmont Airlines,http://www.westatlantic.eu,瑞士私人航空
PU,Plus Ultra Líneas Aéreas,https://www.plusultra.com,烏拉圭航空
PV,Saint Barth Commuter,http://www.aslairlines.es,瑞士私人航空
PW,Precision Air,https://www.precisionairtz.com/,精密航空
PX,Air Niugini,http://www.airniugini.com.pg,新畿內亞航空
PY,Surinam Airways,http://www.flyslm.com/en/home/,蘇裡南航空
PZ,LATAM Paraguay,https://www.latam.com/es_py/,巴拉圭南美航空
Q2,Maldivian,http://www.maldivian.aero/,馬爾地夫航空
Q3,Anguilla Air Services,http://www.zambianairways.com:80/,Anguilla Air Services
Q4,Aviation Starlink,http://www.starlinkaviation.com/,史瓦濟蘭快運航空
Q7,Sky Bahamas Airlines,http://www.flyswiftair.com,Sky Bahamas Airlines
Q8,Trans Air Congo,http://www.peacairlines.com/,太平洋東亞貨運航空
Q9,Airliaison,http://www.afrinat.com,Airliaison
QA,Cimber,http://www.mexicana.com,Cimber
QB,Qeshm Air,https://www.qeshm-air.com/,Qeshm Air
QC,Camair-Co,http://www.camair-co.cm/,喀麥隆航空 (2006年)
QD,Dobrolet Airlines,https://www.jcairlines.com/,柬埔寨JC國際航空
QE,Fars Qeshm Airlines,https://web.archive.org/web/20080723190842/http://www.farsair.com/,Fars Qeshm Airlines
QF,Qantas,http://www.qantaslink.com.au/,陽光州航空
QG,Citilink Indonesia,http://www.g-airways.com/,連城航空
QH,Air Bamboo,https://www.bambooairways.com/en/,越竹航空
QK,Jazz Aviation,http://www.airnova.ca/,爵士航空
QL,Linea Aerea De Servicio,https://www.laserairlines.com/,鐳射航空
QM,Monacair,https://monacair.mc/,馬拉維航空 (1964年成立)
QO,Quantum Air,http://www.aeromexicocargo.com.mx,Quantum Air
QP,Air Kenya Aviation,http://akasaair.com/,Air Kenya Aviation
QQ,Alliance Airlines,http://www.allianceairlines.com.au/,Alliance Airlines
QR,Qatar Airways,https://www.qrcargo.com/,卡達航空
QS,Smartwings,https://www.smartwings.com/,SmartWings
QT,Tampa Cargo,http://www.regionalpacific.com.au/,Tampa Cargo
QU,UTair Ukraine,https://skylineexpress.aero/,UTair Ukraine
QV,Lao Airlines,http://www.laoairlines.com/,寮國航空
QW,Qingdao Airlines,https://www.qdairlines.com/,青島航空
QX,Horizon Air,http://www.horizonair.com/,Horizon Air
QZ,Indonesia AirAsia,https://www.airasia.com/en/gb,印尼亞洲航空
R0,MS Royal Airlines,http://www.ras.com.pk/,MS Royal Airlines
R2,Transair,http://www.orenair.ru,Transair
R3,Yakutia Airlines,http://www.yakutia.aero,雅庫特航空
R5,Jordan Aviation,http://www.jordanaviation.jo,約旦航空
R6,DOT LT,http://www.rusaviation.com/,DOT LT
R7,Aserca,http://www.asercaairlines.com,Aserca
R9,TAF Linhas Aereas,http://www.voetaf.com.br/,TAF Linhas Aereas
RA,Nepal Airlines,http://nepalairlines.com.np/,尼泊爾航空
RB,Syrian Arab Airlines,https://syrian-airlines.net/,敘利亞航空
RC,Atlantic Airways,http://www.atlantic.fo,大西洋航空 (法羅群島)
RE,Stobart Air,https://airhubairlines.com/,阿倫群島航空
RF,Aero K,https://www.aerok.com/kr,可依航空
RG,Rotana Jet,http://www.rotanajet.com/,裡約格朗德航空
RH,Robin Hood Aviation,http://www.rpxholding.com/index.php,滿洲航空
RI,Air Costa Rica,http://www.tigerair.com/id/en/,曼達拉欣豐虎航
RJ,Royal Jordanian,http://www.rj.com,皇家約旦航空
RK,Region Airline,http://www.ryanair.com/,英國瑞安航空
RL,Royal Flight,http://www.royalflight.ru/,俄羅斯皇家航空
RM,Aircompany Armenia,https://airdilijans.com,Aircompany Armenia
RO,TAROM,https://www.tarom.ro/,羅馬尼亞航空
RP,Chautauqua Airlines,http://www.baseairlines.hu,Chautauqua Airlines
RQ,Kam Air,https://www.kamair.com/,卡姆航空
RR,Royal Air Force,https://www.buzzair.com/,巴茲航空 (瑞安航空)
RS,Air Seoul,http://flyairseoul.com,首爾航空
RT,Rainbow Airlines,https://uvtaero.ru/,韃靼斯坦東南航空
RU,Air Bridge Cargo,http://www.airbridgecargo.com/,空橋貨運航空
RV,Air Canada Rouge,http://www.reeveair.com/,加拿大胭脂航空
RW,Royal Air Charter Service,http://www.thairegionalairlines.com/,Royal Air Charter Service
RX,Regent Airways,https://www.riyadhair.com,麗晶航空
RY,Jiangxi Air,http://www.airjiangxi.com/,皇翼航空
RZ,SANSA Airlines,http://www.flysansa.com,SANSA Airlines
S0,Aerolineas Sosa,http://www.slok-air.com/,Aerolineas Sosa
S1,Lufthansa Systems,http://www.sauryaairlines.com/,太陽航空
S2,Jet Lite,http://www.jetlite.com,Jet Lite
S3,SBA Airlines,http://www.sbairlines.com,聖巴巴拉航空
S4,SATA International,https://www.azoresairlines.pt/,亞速爾航空
S5,Shuttle America,http://www.shuttleamerica.com/,小星球航空
S6,Sunrise Airways,http://www.sunriseairways.net,日出航空
S7,S7 Airlines,https://www.s7.ru/ru/,西伯利亞航空
S8,Sounds Air,http://www.skycapitalairlines.com/,Sounds Air
S9,Starbow,https://flysua.com/,Starbow
SA,South African Airways,http://www.sabahair.com.my,南非航空
SB,Aircalin,https://www.aircalin.com/,喀裡多尼亞航空
SC,Shandong Airlines,http://www.shandongair.com.cn/,山東航空
SD,Sudan Airways,https://www.sudanair.com/,蘇丹航空
SF,Tassili Airlines,http://www.tassiliairlines.dz,塔斯利航空
SG,SpiceJet,http://www.jetsgo.net/,香料航空
SH,Sharp Aviation,http://www.simrikairlines.com/,Sharp Aviation
SI,Blue Islands,http://www.susiair.com/,藍色群島航空
SJ,Sriwijaya Air,https://web.archive.org/web/20080316194315/http://www.aerolineasperuanas.com/aviandina/index.htm,三佛齊航空
SK,Scandinavian Airlines,http://www.sascargo.com/,北歐航空貨運集團
SL,Thai Lion Air,http://www.lionairthai.com/,泰國獅子航空
SM,Air Cairo,https://aircairo.com/,開羅航空 (2004年)
SN,Brussels Airlines,https://www.brussels-airlines.com,布魯塞爾航空
SO,Apex Airline,http://www.sunairgroup.com/,Apex Airline
SP,SATA Air Açores,http://www.skypasada.com,SATA亞速爾航空
SQ,Singapore Airlines,http://www.siacargo.com,新加坡航空貨運
SR,SundAir,https://www.sundair.com/,瑞士航空
SS,Corsair,https://www.flycorsair.com,科西嘉國際航空
ST,Germania,http://www.sitaair.com.np/,日耳曼尼亞航空
SU,Aeroflot,http://www.aeroflot.ru/cms/,俄羅斯航空
SV,Saudia,https://www.saudiacargo.com/,沙烏地阿拉伯航空
SW,Air Namibia,http://www.airnamibia.com.na,奈米比亞航空
SX,SkyWork Airlines,http://www.skybus.com,馬其頓航空 (希臘)
SY,Sun Country,http://www.sky-aviation.co.id,太陽城航空
SZ,Somon Air,http://www.cswa.com,中國西南航空
T0,Avianca Perú,http://www.avianca.com/en-pe/,秘魯哥倫比亞航空
T1,Tik Systems,http://www.flybestair.com,Tik Systems
T3,Eastern Airways,https://www.easternairways.com,英國東方航空
T4,Trip,http://www.junik.lv/~tea/,Trip
T5,Turkmenistan Airlines,https://turkmenistanairlines.tm/,土庫曼航空
T6,ITI Air,http://www.air-swift.com,ITI Air
T7,Twin Jet,http://www.flykpa.com/,泛全球航空
T9,Aviator Aviation,http://www.transcarga.aero/,環子午線航空
TA,Avianca El Salvador,http://www.avianca.com/en-sv/,Avianca El Salvador
TB,TUIfly Belgium,https://www.tuifly.fr,川普航空
TC,Air Tanzania,https://www.airtanzania.co.tz,坦尚尼亞航空
TD,Atlantis European Airways,http://atlantis.am/,Atlantis European Airways
TE,Sky Taxi,https://skytaxi.aero,立陶宛航空
TF,Braathens Regional Aviation,https://www.flygbra.se/,布拉森支線航空服務
TG,Thai Airways,http://www.thaiairways.com,泰國國際航空
TH,Raya Airways,http://rayaairways.com,泰國航空
TI,Tailwind Hava Yollari As,http://www.tailwind.com.tr/,Tailwind Hava Yollari As
TJ,Tradewind Aviation,https://www.flytradewind.com/,秘魯國營航空
TK,Turkish Airlines,https://www.anadolujet.com/,土耳其航空
TL,Airnorth,https://www.airnorth.com.au/,Airnorth
TM,Lam Mozambique,https://www.lam.co.mz/,莫三比克航空
TN,Air Tahiti Nui,http://www.airtahitinui.com/,跨澳航空
TO,Transavia France,http://www.presidentairlines.com,總統航空
TP,TAP Portugal,https://www.flytap.com/,TAP快運航空
TQ,Tandem Aero,http://www.flytailwind.com/,串聯航空
TR,Scoot,http://www.travira-air.com,酷航
TS,Air Transat,https://www.airtransat.com/fr-CA/accueil,越洋航空
TT,Tigerair Australia,http://www.airlithuania.lt/Default.asp?DL=E,澳洲虎航
TU,Tunisair,https://www.turpialairlines.com/,突尼西亞航空
TV,Tibet Airlines,http://www.virginexpress.com/,西藏航空
TW,T'way Air,http://www.twa.com,環球航空
TX,Air Caraibes,http://www.aircaraibes.com,加勒比海航空
TY,Air Caledonie,http://www.orbest.com/,Air Caledonie
U2,easyJet,https://easyjet.com,易捷航空
U3,Avies,http://skygates.aero/,天門航空
U4,Buddha Air,http://www.buddhaair.com/,佛陀航空
U5,Karinou Airlines,https://skyup.aero/en/,Karinou Airlines
U6,Ural Airlines,http://www.uralairlines.ru,烏拉爾航空
U7,Air Uganda,http://www.air-uganda.com/,Air Uganda
U8,Tus Airways,http://tusairways.com/,圖斯航空
U9,Tatarstan Air,http://www.tatarstan.aero/en,Tatarstan Air
UA,United Airlines,https://www.united.com,泰德航空
UB,Myanmar National Airlines,https://secure.flymna.com,全球貨運航空
UC,LAN Cargo,http://www.latamcargo.com/,智利南美貨運航空
UD,Hex Air,https://urairlines.com/,Hex Air
UE,Nasair,http://www.nasair.aero/,納塞爾航空
UF,Um Air,https://www.pas.com.eg/,石油航空服務公司
UG,Tunisair Express,https://www.tunisairexpress.net/,Tunisair Express
UH,AtlasJet Ukraine,http://www.atlasglb.com.ua/,AtlasJet Ukraine
UI,Auric Air Services,http://www.auricair.com/,歐洲塞普勒斯航空
UJ,AlMasria Universal Airlines,https://usajet.aero/,美國捷特航空
UK,Vistara,http://www.airvistara.com,塔新航空
UL,SriLankan Airlines,http://www.srilankan.com,斯里蘭卡航空
UM,Air Zimbabwe,https://www.airzimbabwe.aero,辛巴威航空
UN,Transaero Airlines,http://www.transaero.ru,全祿航空
UO,Hong Kong Express Airways,http://www.hkexpress.com,香港快運
UP,Bahamasair,https://www.bahamasair.com/,巴哈馬航空
UQ,Business Aviation Centre,http://www.urumqi-air.com/,烏魯木齊航空
UR,Uganda Airlines,http://www.azurair.de/,Uganda Airlines
US,US Airways,http://piedmont-airlines.com/,山麓航空
UT,UTair Aviation,http://www.utair.ru,法國聯合航空
UU,Air Austral,https://www.flyuia.com/ua/ua,烏克蘭國際航空
UV,Helicopteros Del Sureste,http://www.airuniversalltd.com/,Helicopteros Del Sureste
UX,Air Europa,https://aeronova.eu,歐羅巴快運航空
UY,Sky Prime Charter,http://aircaucasus.com/,喀麥隆航空 (1971年)
UZ,Buraq Air,http://www.buraq.aero/,Buraq Air
V0,Conviasa,http://www.conviasa.aero,委內瑞拉聯合航空
V2,Vision Airlines,http://www.visionairlines.com/,Vision Airlines
V3,Carpatair,http://www.carpatair.com,喀爾巴阡航空
V4,Vieques Air Link,http://viequesairlink.com,Vieques Air Link
V5,Aerovias DAP,http://www.avolar.com.mx/,多瑙之翼航空
V6,Air Link,http://www.vip.ec,Air Link
V7,Volotea,https://www.volotea.com,維羅提航空
V8,Iliamna Air,http://www.airmikisew.com/,阿特朗航空
V9,Van Air Europe,http://www.vanair.org/,巴什克利安航空
VA,Virgin Australia,http://www.vaustralia.com.au,V澳洲航空
VB,Aeroenlaces Nacionales,http://www.vivaaerobus.com/,愉快空中巴士航空
VC,ViaAir,https://www.flyviaair.com/,ViaAir
VD,Hennan Airlines,http://www.kunpeng-air.com/,鯤鵬航空
VE,EasyFly,https://clicair.co/,EasyFly
VF,Fly Armenia Airways,http://www.flyviking.no/en,維京航空 (挪威)
VG,VLM Airlines,http://www.flyvlm.com,暹羅航空
VH,Viva Air Colombia,http://www.aeropostal.com/2014/home/aeropostal.com,哥倫比亞愉快航空
VI,Volga Dnepr Airline,http://www.volga-dnepr.com,伏爾加-第聶伯航空
VJ,VietJet Air,http://www.royal-air-cambodge.net,柬埔寨皇家航空
VK,Anisec Luftfahrt,https://flyvaluejet.com/,通加魯航空
VL,Air VIA,https://www.lufthansa-city.com/,美德視野航空
VM,Max Air,http://www.aerochaco.com.ar/,Max Air
VN,Vietnam Airlines,http://www.ravsa.com.ve/,越南航空 (越南共和國)
VO,VLM Airlines Slovenia,http://www.tyrolean.at,蒂羅林航空
VP,Villa Air,http://www.flyme.mv,印度支那航空
VQ,Novoair,http://www.vpj.com,諾沃航空
VR,Tacv Cabo Verde Airlines,http://www.varesh.aero/,維德角航空
VS,Virgin Atlantic,http://www.virgin-atlantic.com,維珍航空
VT,Air Tahiti,http://www.airtahiti.pf,大溪地航空 (1953年)
VU,Vuelos Economicos,http://www.vecaairlines.com,象牙航空
VV,Viva Airlines Peru,http://www.aerosvit.com,秘魯愉快航空
VW,Aeromar,https://aeromar.mx/es,Aeromar
VX,Virgin America,http://www.acescolombia.com.co/,維珍美國航空
VY,Vueling,https://www.vueling.com,國華航空
VZ,Thai Vietjet Air,https://www.vietjetair.com,泰國越捷航空
W2,Flexflight,http://www.maastricht-airlines.com,連結航空
W3,Arik Air,http://www.arikair.com/,阿瑞克航空
W4,LC Péru,https://wizzair.com/en-gb/cheap-flights-from-malta,LC秘魯航空
W5,Mahan Airlines,https://www.mahan.aero/fa/,馬漢航空
W6,Wizz Air,https://wizzair.com,維茲航空
W7,Sayakhat Airlines,http://www.sayakhat.kz/,Sayakhat Airlines
W8,Caribbean Winds Airlines,https://cargojet.com,Caribbean Winds Airlines
W9,Wizz Air,http://www.wizzair.com/,英國維茲航空
WA,KLM Cityhopper,http://www.klmcityhopper.nl/,荷蘭皇家城市短途航空
WB,Rwandair,http://www.wanair.pf/,盧安達航空
WC,Islena Airlines,http://www.flyislena.com/,宏都拉斯哥倫比亞航空
WD,Amsterdam Airlines Bv,http://modern.com.br/,金邊國際航空
WE,Thai Smile Airways,https://www.thaismileair.com/,泰國微笑航空
WF,Widerøe,https://wideroe.no/en,威德羅航空
WG,Sunwing Airlines,https://wiggins-air.com/,臺灣航空
WH,West African Airlines,http://www.westairbenin.com/index.php,德國區域航空
WI,White Airways,http://www.flywhite.com,白色航空
WJ,Air Labrador,https://www.jetsmart.com/ar/es/,Air Labrador
WK,Edelweiss Air,https://www.flyedelweiss.com/EN/,雪絨花航空
WL,European Coastal Airlines,http://www.ec-air.eu/,European Coastal Airlines
WM,Windward Island Airways,http://www.fly-winair.sx,向風群島航空
WN,Southwest Airlines,https://espanol.southwest.com/,西南航空
WO,World Airways,https://www.flyswoop.com/,Swoop航空
WP,Island Air,https://airantwerp.com/,海島航空
WQ,Romavia,http://www.romavia.ro/,Romavia
WR,WestJet Encore,http://www.westjet.com/encore,西捷安可航空
WS,WestJet,https://www.westjet.com/fr-ca,西捷航空
WT,Swiftair,http://www.wasaya.com/,Swiftair
WU,Tikal Jets Airlines,http://www.westernairbahamas.com/,烏克蘭維茲航空
WV,Aero VIP,http://www.grupo7air.com/,Aero VIP
WW,Wow Air,http://www.westwing.com.au/,沃奧航空
WX,CityJet,https://www.cityjet.com/,城捷航空
WY,Oman Air,http://www.omanair.com,阿曼航空
WZ,Red Wings Airlines,http://www.acvila-air.ro,紅翼航空
X3,TUIfly,http://www.hlx.com/,德國途易航空
X4,Air Excursions,http://www.vanair.vu/,Air Excursions
X7,Challenge Aero,http://www.airservice.aero/?id_Sessionlangue=2,加彭服務航空
X9,Avion Express,https://avionexpress.aero/,冰島國內航空 (2003年)
XC,Corendon Airlines,http://www.corendon-airlines.com/,克雷頓航空
XE,Delux Public Charter,http://www.keair.co.kr/,韓國快運航空
XF,Vladivostok Air,http://www.vladivostokavia.ru/,海參崴航空
XG,Sun Express Germany,http://www.sunexpress.de/,德國太陽快運航空
XH,Non Iata Codeshare Carrier,http://alexandriaairlines.net/,亞歷山大航空
XJ,Thai AirAsia X,http://www.airasia.com/,泰國亞洲航空長途
XK,Air Corsica,http://www.aircorsica.com,科西嘉航空
XL,LATAM Ecuador,https://www.latam.com/es_ec/,厄瓜多南美航空
XM,Zimex Aviation,http://www.zimex.ch/,J-Air
XN,XpressAir,https://www.mexicana.gob.mx/,快速航空
XO,Seair,http://www.flyseair.com/,中國新疆航空
XP,Xtra Airways,http://www.flyskyvalue.com,Xtra Airways
XQ,SunExpress,https://www.sunexpress.com/tr/,太陽快運航空
XR,Corendon Airlines Europe,https://www.corendonairlines.com/,Corendon Airlines Europe
XT,Indonesia AirAsia X,http://www.skystarairways.com/,印尼亞洲航空長途
XU,African Express Airways,http://www.africanexpress.net/,非洲快運航空
XW,NokScoot,http://www.nokscoot.com/en/,酷鳥航空
XY,Flynas,http://www.flynas.com,納斯航空
XZ,South African Express,https://www.aeroitalia.com/,南非快運航空
Y2,"Air Century, S.A.",http://www.aircentury.com/,"Air Century, S.A."
Y4,Volaris,http://www.volaris.com,沃拉里斯航空
Y5,Golden Myanmar Airlines,http://gmairlines.com/,Golden Myanmar Airlines
Y6,AB Aviation,http://www.cambodiaairlines.com.kh,柬埔寨航空 (1997年)
Y7,NordStar,http://www.fly-jet.com/,NordStar
Y8,Yangtze River Express,http://www.yzr.com.cn/,金鵬航空
Y9,Kish Airlines,http://www.kishairline.com/,Kish Airlines
YB,Harbour Air Seaplanes,http://www.borajet.com.tr/,Harbour Air Seaplanes
YC,Yamal Airlines,http://www.yamal-airlines.ru,西方航空 (澳洲)
YD,Mauritania Airways,http://wayback.archive.org/*/http://www.gomelavia.com/,Mauritania Airways
YE,Yan Air,http://yanair.com.ua/,Yan Air
YG,South Airlines,http://www.yto.net.cn/,南部航空
YI,Yunnan Yingan Airline,https://oya.aero/,雲南英安航空
YJ,Asian Wings Airways,https://www.nac.co.za/,AMC航空
YK,Avia Traffic Company,http://www.aero.kg/,交通航空
YL,Libyan Wings,http://libyanwings.ly/,U航空
YM,Montenegro Airlines,http://www.montenegroairlines.com,指南針航空 (澳洲)
YN,Air Creebec,https://www.aircreebec.ca/fr/,Air Creebec
YO,Heli Air Monaco,https://www.heliairmonaco.com/fr/index.html,摩納哥直升機航空
YP,Perimeter Aviation,https://airpremia.com/,普萊米婭航空
YQ,TAR Aerolíneas,http://tarmexico.com/,TAR Aerolíneas
YR,Scenic Airlines,http://www.scenic.com,Scenic Airlines
YS,Regional,http://regional.com,歐洲區域航空
YT,Yeti Airlines,http://www.yetiairlines.com,雪人航空
YU,Euroatlantic Airways,http://www.flyeuroatlantic.pt/,歐洲大西洋航空
YV,Mesa Airlines,http://www.mesa-air.com,Mesa Airlines
YW,Air Nostrum,https://www.airnostrum.es/,諾斯特姆航空
YX,Republic Airline,https://rjet.com,Republic Airline
YZ,Alas Uruguay,http://www.alasuruguay.com.uy/,Alas Uruguay
Z0,Norse Atlantic Airways,https://flynorse.com,Norse Atlantic Airways
Z2,AirAsia Zest,http://www.slovenianspirit.com/index.php?home_en,菲律賓亞洲航空
Z3,PM Air,http://www.avcargo.co.uk,PM Air
Z4,Zagrosjet,http://www.zagrosjet.com,祖恩航空
Z6,Dniproavia,http://www.dniproavia.com/,第聶伯航空
Z7,Amaszonas Uruguay,http://flyafrica.com,Amaszonas Uruguay
Z8,Línea Aérea Amaszonas,http://www.amaszonas.com,Línea Aérea Amaszonas
Z9,Jsc Bek Air,https://www.bekair.aero/,貝克航空
ZA,Sky Angkor Airlines,http://www.accessair.com,天空吳哥航空
ZB,Monarch Airlines,https://www.airalbania.com.al/en/,阿爾巴尼亞航空
ZC,Fly Africa Zimbabwe,http://flykorongo.com/index_en.html,皇家斯威士國家航空
ZD,Ewa Air,http://www.ewa-air.com/,Ewa Air
ZE,Eastar Jet,http://www.aazteca.com.mx,易斯達航空
ZF,Azur Air,http://www.azurair.com/,藍色航空 (俄羅斯)
ZG,Zipair,https://www.zipairtokyo.com/,ZIPAIR Tokyo
ZH,Shenzhen Airlines,http://www.shenzhenair.com/,深圳航空
ZI,Aigle Azur,http://www.aigle-azur.com/,藍鷹航空
ZK,Great Lakes Airlines,http://www.flygreatlakes.com,Great Lakes Airlines
ZL,Regional Express,http://www.rex.com.au,區域快線航空
ZM,Pegasus Asia,http://www.airmanas.com/,瑪納斯航空
ZN,Naysa,http://www.naysa.es/,Naysa
ZP,Paranair,https://www.paranair.com,絲綢之路航空
ZQ,Azman Air,https://airmontenegro.com/en,Azman Air
ZR,Punto Azul,http://www.flypuntoazul.gq/,Punto Azul
ZS,Kazaviaspas,http://www.solinair.si/,索林航空
ZT,Titan Airways,http://www.titan-airways.com/,泰坦航空
ZU,Sunair,http://www.sunair.co.nz/,太陽神航空
ZV,V Air,https://flyaerus.com/,威航
ZW,Air Wisconsin,http://www.airwis.com,Air Wisconsin
ZX,Air Georgian,http://www.flyzoom.com,Air Georgian
ZY,China Air Cargo,http://www.skyairlines.net/,天空航空 (土耳其)
A1,APG Distribution System,none,APG Distribution System
AO,Air Juan Aviation,none,澳亞航空 (2001年)
C0,Centralwings,none,Centralwings
C1,Tectimes Sudamerica,none,Tectimes Sudamerica
DQ,Delta Connection,none,Delta Connection
F1,Farelogix,none,Farelogix
G2,Galeyr Airline,none,善飛貨運航空
H1,Hahn Air Systems,none,Hahn Air Systems
H8,Chilejet,none,Chilejet
HI,Papillon Airways,none,Papillon Airways
HL,,none,none
I1,CTS Viaggi,none,CTS Viaggi
IU,Hevilift,none,Hevilift
J5,Alaska Seaplane Service,none,Alaska Seaplane Service
L1,E Savtravel,none,E Savtravel
L9,Belle Air Europe,none,Belle Air Europe
NB,Skypower Express Airways,none,Skypower Express Airways
NR,Manta Air,none,Manta Air
O2,Jet Air,none,Jet Air
O4,Antrak Air,none,Antrak Air
O5,Comores Aviation International,none,Comores Aviation International
PS,Ukraine International Airlines,none,太平洋西南航空
Q0,Quebecair Express,none,Quebecair Express
Q1,Sqiva Sistem,none,Sqiva Sistem
Q5,Forty Mile Air,none,Forty Mile Air
QJ,Latpass Airlines,none,Latpass Airlines
QN,Skytrans Regional,none,亞美尼亞航空 (2003年)
QY,European Air Transport,none,歐洲航空運輸
R4,Real Tonga,none,Real Tonga
R8,Kyrgyzstan Airlines,none,國營吉爾吉斯航空
RN,Rayani Air,none,清真航空
T2,Fly Art,none,泰國貨運航空
U1,Videcom International,none,Videcom International
V1,IBS Software Services Americas,none,IBS Software Services Americas
W1,WorldTicket,none,WorldTicket
X1,Hahn Air Technologies,none,Hahn Air Technologies
X6,Airlines Reporting Corp,none,Airlines Reporting Corp
XB,IATA,none,IATA
XD,Scheduled Airlines Traffic Offices,none,Scheduled Airlines Traffic Offices
XS,SITA,none,SITA
Y0,Yellow Airtaxi,none,Yellow Airtaxi
Y1,Travel Technology Interactive,none,Travel Technology Interactive
Y3,Gryphon Airlines,none,Gryphon Airlines
YA,Nego Airline One,none,Nego Airline One
YH,Yangon Airways,none,西加勒比航空
Z5,GMG Airlines,none,GMG Airlines
ZJ,Zambezi Airlines,none,Zambezi Airlines
ZZ,Airline Service,none,Airline Service
_0B,Blue Air,none,Blue Air
_0C,Catovair,none,Catovair
_0J,Premium Jet AG,none,Premium Jet AG
_0O,STA Travel,none,STA Travel
_0P,Palau Pacific Airways,none,Palau Pacific Airways
_0V,Vietnam Air Services Company,none,Vietnam Air Services Company
_0W,W Caribbean Costa Rica,none,W Caribbean Costa Rica
_1A,Amadeus,none,Amadeus
_1B,Abacus,none,Abacus
_1C,EDS Information Business,none,EDS Information Business
_1D,Raddix Solutions,none,Raddix Solutions
_1E,Travelsky Technology,none,Travelsky Technology
_1F,Infini Travel Information,none,Infini Travel Information
_1G,Travelport Galileo,none,Travelport Galileo
_1H,Sirena Travel,none,Sirena Travel
_1I,Netjets Aviation,none,Netjets Aviation
_1J,Axess International,none,Axess International
_1K,Sutra,none,Sutra
_1L,Navitaire Open Skies,none,Navitaire Open Skies
_1M,Sirena Jsc,none,Sirena Jsc
_1N,Navitaire New Skies,none,Navitaire New Skies
_1O,Phoenix Systems Dertours,none,Phoenix Systems Dertours
_1P,Travelport Worldspan,none,Travelport Worldspan
_1Q,Joint Stock Company Ital,none,Joint Stock Company Ital
_1R,Bird Information Systems,none,Bird Information Systems
_1S,Sabre,none,Sabre
_1T,East Line,none,東線
_1U,ITA Software,none,ITA Software
_1V,Galileo International,none,Galileo International
_1W,Sabre,none,Sabre
_1X,Branson Air Express,none,Branson Air Express
_1Y,Electronic Data Systems (EDS),none,Electronic Data Systems (EDS)
_1Z,Fantasia Info Network,none,Fantasia Info Network
_2A,Deutsche Bahn,none,Deutsche Bahn
_2B,Albawings,none,Albawings
_2C,SNCF,none,SNCF
_2D,"Eastern Airlines, LLC",none,"Eastern Airlines, LLC"
_2E,Smokey Bay Air,none,Smokey Bay Air
_2F,Fair Aviation,none,Fair Aviation
_2G,Angara Airlines,none,Angara Airlines
_2H,Thalys,none,Thalys
_2I,Star Perú,none,Star Perú
_2J,Air Burkina,none,Air Burkina
_2K,Aerolineas Galapagos,none,Aerolineas Galapagos
_2L,Helvetic Airways,none,Helvetic Airways
_2M,Maya Island Air,none,Maya Island Air
_2N,Nextjet,none,Nextjet
_2O,Redemption,none,Redemption
_2P,PAL Express,none,PAL Express
_2Q,Air Cargo Carriers,none,Air Cargo Carriers
_2R,VIA Rail Canada,none,VIA Rail Canada
_2S,Air Carnival,none,Air Carnival
_2T,Timbis Air,none,Timbis Air
_2U,Ero Sun d'Or,none,Ero Sun d'Or
_2V,Amtrak,none,Amtrak
_2W,"World 2 Fly, S.L",none,"World 2 Fly, S.L"
_2Z,Passaredo Transportes,none,Passaredo Transportes
_3A,Chu Kong Passenger Transport,none,Chu Kong Passenger Transport
_3B,Job Air,none,Job Air
_3C,Air Chathams,none,Air Chathams
_3D,Dokasch,none,Dokasch
_3E,Multi Aero,none,Multi Aero
_3F,FlyOne Armenia,none,FlyOne Armenia
_3G,AsiaCargo Express,none,AsiaCargo Express
_3H,Air Inuit,none,Air Inuit
_3I,Pison Airways Ltd,none,Pison Airways Ltd
_3J,Jubba Airways Kenya,none,Jubba Airways Kenya
_3K,Jetstar Asia Airways,none,Jetstar Asia Airways
_3L,Air Arabia Abu Dhabi,none,Air Arabia Abu Dhabi
_3M,Silver Airways,none,Silver Airways
_3N,Air Urga,none,Air Urga
_3O,Air Arabia Maroc,none,Air Arabia Maroc
_3P,World 2 Fly Portugal,none,World 2 Fly Portugal
_3Q,Carib Aviation Limited,none,Carib Aviation Limited
_3R,Divi Divi Air,none,Divi Divi Air
_3S,Air Antilles Express,none,Air Antilles Express
_3T,Tarco Air,none,Tarco Air
_3U,Sichuan Airlines,none,Sichuan Airlines
_3V,Tnt Airways,none,Tnt Airways
_3W,Malawian Airlines,none,Malawian Airlines
_3X,Premier Trans Aire,none,Premier Trans Aire
_3Z,Travel Service Polska,none,Travel Service Polska
_4A,Aero Transporte,none,Aero Transporte
_4B,Aviastar TU,none,Aviastar TU
_4C,LATAM Colombia,none,LATAM Colombia
_4D,Air Sinai,none,Air Sinai
_4E,Tanana Air Service,none,Tanana Air Service
_4F,Freedom Airline Express,none,Freedom Airline Express
_4G,Gazpromavia,none,Gazpromavia
_4H,United Airways Bangladesh,none,United Airways Bangladesh
_4I,Ihy Izmir Havayollari,none,Ihy Izmir Havayollari
_4J,Flydamas Airlines,none,Flydamas Airlines
_4K,Air Askari Aviation,none,Air Askari Aviation
_4L,Palau National Airlines,none,Palau National Airlines
_4M,LATAM Argentina,none,LATAM Argentina
_4N,Air North,none,Air North
_4O,Interjet,none,Interjet
_4P,Travel Air,none,Travel Air
_4Q,Safi Airways,none,Safi Airways
_4R,Star East Airline,none,Star East Airline
_4S,Star Airways,none,Star Airways
_4T,Belair Airlines,none,Belair Airlines
_4U,Germanwings,none,Germanwings
_4V,Lacbravo,none,Lacbravo
_4W,Warbelows Air Ventures,none,Warbelows Air Ventures
_4X,Atlantic Express Airline,none,Atlantic Express Airline
_4Y,Discover Airlines,none,Discover Airlines
_4Z,Airlink,none,Airlink
_5B,Bassaka Air,none,Bassaka Air
_5C,Challenge Aero,none,Challenge Aero
_5D,Aeroméxico Connect,none,Aeroméxico Connect
_5E,Aero,none,Aero
_5F,Fly One,none,Fly One
_5H,Five Fourty Aviation,none,Five Fourty Aviation
_5I,ALSA,none,ALSA
_5J,Cebu Pacific,none,Cebu Pacific
_5K,Hi Fly,none,Hi Fly
_5L,Fly Salone,none,Fly Salone
_5M,Montserrat Airways,none,Montserrat Airways
_5N,Jsc Nordavia,none,Jsc Nordavia
_5O,ASL Airlines France,none,ASL Airlines France
_5P,PAL Airlines,none,PAL Airlines
_5R,RUTACA Airlines,none,RUTACA Airlines
_5S,Servicios Aereos Profesionales,none,Servicios Aereos Profesionales
_5T,Canadian North,none,Canadian North
_5U,Transportes Aéreos Guatemaltecos,none,Transportes Aéreos Guatemaltecos
_5V,Everts,none,Everts
_5W,WESTBahn,none,WESTBahn
_5X,UPS Airlines,none,UPS Airlines
_5Y,Atlas Air,none,Atlas Air
_5Z,CemAir,none,CemAir
_6A,Armenia Airways,none,Armenia Airways
_6B,Tuifly Nordic,none,Tuifly Nordic
_6C,Air Timor,none,Air Timor
_6D,Travel Service Slovensko,none,Travel Service Slovensko
_6E,IndiGo,none,IndiGo
_6F,Primera Air Nordic,none,Primera Air Nordic
_6G,Executive Express Aviation,none,Executive Express Aviation
_6H,Israir Airlines,none,Israir Airlines
_6I,Air Alsie,none,Air Alsie
_6J,Solaseed Air,none,Solaseed Air
_6K,Songbird Airways,none,Songbird Airways
_6L,Aklak Air,none,Aklak Air
_6M,Air Minas Linhas Aereas,none,Air Minas Linhas Aereas
_6N,Niger Airlines,none,Niger Airlines
_6O,Orbest,none,Orbest
_6Q,Cham Wings Airlines,none,Cham Wings Airlines
_6R,ALROSA,none,ALROSA
_6S,Saudi Gulf Airlines,none,Saudi Gulf Airlines
_6T,Air Mandalay,none,Air Mandalay
_6V,Avanza,none,Avanza
_6W,Saratov Airlines,none,Saratov Airlines
_6Y,SmartLynx Airlines,none,SmartLynx Airlines
_6Z,Eurasia Air,none,Eurasia Air
_7A,Express Air Cargo,none,Express Air Cargo
_7B,Fly Blue Crane,none,Fly Blue Crane
_7C,Jeju Air,none,Jeju Air
_7D,MGC Aviation,none,MGC Aviation
_7E,Sylt Air,none,Sylt Air
_7F,First Air,none,First Air
_7G,StarFlyer,none,StarFlyer
_7H,Ravn Alaska,none,Ravn Alaska
_7I,Insel Air International,none,Insel Air International
_7J,Tajik Air,none,Tajik Air
_7K,Kogalymavia Airlines,none,Kogalymavia Airlines
_7L,Aero Caribbean,none,Aero Caribbean
_7M,Mayair,none,Mayair
_7N,PAWA Dominicana,none,PAWA Dominicana
_7O,Travel Service Hungary,none,Travel Service Hungary
_7P,Air Panama,none,Air Panama
_7Q,Elite Airways,none,Elite Airways
_7R,RusLine,none,RusLine
_7S,Ryan Air Services,none,Ryan Air Services
_7T,Trenitalia,none,Trenitalia
_7U,Alpha Air Transport,none,Alpha Air Transport
_7V,Federal Airlines,none,Federal Airlines
_7W,Wind Rose Aviation,none,Wind Rose Aviation
_7Y,Mann Yadanarpon Airlines,none,Mann Yadanarpon Airlines
_7Z,Halcyon Air Cabo Verde,none,Halcyon Air Cabo Verde
_8A,Panama Airways,none,Panama Airways
_8B,TransNusa Air Services,none,TransNusa Air Services
_8C,Air Transport International,none,Air Transport International
_8D,FitsAir,none,FitsAir
_8E,Bering Air,none,Bering Air
_8F,STP Airways,none,STP Airways
_8G,Mid Africa Aviation,none,Mid Africa Aviation
_8H,BH Air,none,BH Air
_8I,Insel Air Aruba,none,Insel Air Aruba
_8J,Línea Aerea Eco Jet,none,Línea Aerea Eco Jet
_8L,Lucky Air,none,Lucky Air
_8M,Myanmar Airways International,none,Myanmar Airways International
_8N,Regional Air Services,none,Regional Air Services
_8P,Pacific Coastal Airlines,none,Pacific Coastal Airlines
_8Q,Onur Air,none,Onur Air
_8R,Sol Líneas Aéreas,none,Sol Líneas Aéreas
_8S,Shun Tak China,none,Shun Tak China
_8T,Air Tindi,none,Air Tindi
_8U,Afriqiyah Airways,none,Afriqiyah Airways
_8V,Astral Aviation,none,Astral Aviation
_8W,Fly All Ways Airlines,none,Fly All Ways Airlines
_8Y,Pan Pacific Airlines,none,Pan Pacific Airlines
_8Z,Congo Airways,none,Congo Airways
_9A,Aladia Airlines,none,Aladia Airlines
_9B,AccesRail,none,AccesRail
_9C,Spring Airlines,none,Spring Airlines
_9D,Genghis Khan Airlines,none,Genghis Khan Airlines
_9E,Endeavor Air,none,Endeavor Air
_9F,Eurostar,none,Eurostar
_9G,9G Rail,none,9G Rail
_9H,Chang An Airlines,none,Chang An Airlines
_9I,Air India Regional,none,Air India Regional
_9J,Dana Air,none,Dana Air
_9K,Cape Air,none,Cape Air
_9L,West Link Airways,none,West Link Airways
_9M,Central Mountain Air,none,Central Mountain Air
_9N,Tropic Air,none,Tropic Air
_9P,Air Arabia Jordan,none,Air Arabia Jordan
_9Q,Caicos Express Airways,none,Caicos Express Airways
_9R,SATENA,none,SATENA
_9S,Southern Air,none,Southern Air
_9T,MyCargo Airlines,none,MyCargo Airlines
_9U,Air Moldova,none,Air Moldova
_9V,Avior Airlines,none,Avior Airlines
_9W,Jet Airways,none,Jet Airways
_9X,Southern Airways Express,none,Southern Airways Express
_9Y,National Airways,none,National Airways
ONEWORLD,Oneworld,none,Oneworld
SKYTEAM,SkyTeam,none,SkyTeam
STAR_ALLIANCE,Star Alliance,none,Star Alliance
